10.448495,1.495102,-9.155327,4.807878
10.344923,1.540408,-8.968698,4.920065
10.166319,1.490355,-8.830366,4.812227
10.106266,1.450275,-8.760628,4.825424
10.084994,1.449176,-8.740526,4.817697
10.054616,1.448872,-8.727982,4.776862
10.070418,1.42099,-8.744207,4.788835
10.108948,1.441329,-8.760755,4.833483
10.082588,1.470025,-8.748143,4.792453
10.062861,1.436855,-8.743903,4.76873
10.095477,1.425213,-8.756581,4.817645
10.069962,1.473881,-8.743868,4.772482
10.069804,1.417104,-8.732497,4.810019
10.064285,1.456759,-8.751629,4.751492
10.071439,1.456713,-8.766468,4.739293
10.089803,1.457006,-8.763066,4.784342
10.058296,1.420784,-8.747782,4.756785
10.066709,1.456793,-8.751695,4.756491
10.060995,1.408883,-8.744023,4.772917
10.065487,1.425068,-8.728425,4.806019
10.089607,1.425132,-8.756422,4.805647
10.06288,1.461846,-8.739844,4.768616
10.060873,1.445004,-8.724271,4.797939
10.017819,1.432471,-8.719264,4.720081
10.052665,1.436714,-8.743624,4.747732
10.039573,1.436793,-8.716906,4.769089
10.023692,1.404606,-8.719597,4.740267
10.025461,1.412499,-8.731311,4.720056
10.042495,1.404634,-8.743541,4.735948
10.026958,1.428605,-8.719539,4.740106
10.046745,1.408802,-8.731918,4.765078
10.036606,1.489541,-8.727233,4.727592
10.037365,1.461685,-8.71962,4.751884
10.067709,1.432892,-8.747965,4.772703
10.062281,1.449784,-8.747712,4.756591
10.042477,1.412696,-8.735682,4.747999
10.096336,1.417354,-8.744934,4.842856
10.088891,1.385053,-8.77129,4.788717
10.045073,1.400909,-8.720204,4.785288
10.044339,1.453864,-8.713025,4.781027
10.018061,1.368518,-8.727469,4.724403
10.040621,1.453746,-8.719758,4.760936
10.045447,1.41673,-8.735739,4.752972
10.046909,1.408688,-8.743638,4.74392
10.059591,1.461723,-8.747564,4.747512
10.064987,1.412892,-8.748013,4.772837
10.084993,1.445069,-8.752268,4.797567
10.074814,1.45299,-8.744131,4.788621
10.037322,1.428633,-8.731538,4.739946
10.049909,1.428846,-8.727977,4.772996
10.041469,1.420783,-8.72389,4.765104
10.063486,1.497898,-8.727918,4.780533
10.098139,1.429175,-8.763465,4.809526
10.079563,1.424926,-8.762983,4.772557
10.087499,1.449095,-8.752312,4.80154
10.086491,1.433007,-8.763123,4.784502
10.084389,1.441334,-8.724931,4.846961
10.074956,1.428999,-8.748187,4.788728
10.117601,1.482407,-8.75683,4.84626
10.077463,1.437095,-8.740395,4.805779
10.080359,1.461827,-8.766682,4.756258
10.099419,1.413185,-8.767503,4.80958
10.068871,1.453022,-8.732251,4.797779
10.040484,1.416738,-8.727793,4.757078
10.046848,1.412757,-8.735802,4.756998
10.059305,1.424606,-8.766332,4.72351
10.069915,1.448891,-8.747927,4.772596
10.086001,1.445044,-8.756202,4.792514
10.090902,1.428998,-8.771079,4.780423
10.039302,1.412536,-8.747309,4.719843
10.045511,1.432854,-8.720021,4.777075
10.056805,1.445015,-8.717325,4.802032
10.046524,1.477703,-8.727581,4.75167
10.055134,1.420971,-8.724262,4.7931
10.049597,1.408918,-8.724184,4.785182
10.064519,1.448855,-8.743874,4.76865
10.048239,1.43266,-8.743528,4.73976
10.091795,1.441132,-8.756384,4.80554
10.066596,1.432731,-8.762579,4.743507
10.068186,1.405104,-8.732525,4.810099
10.080908,1.437104,-8.744395,4.805726
10.069144,1.469723,-8.759491,4.743299
10.059298,1.392928,-8.740168,4.781077
10.030724,1.40858,-8.73148,4.732081
10.09682,1.39714,-8.771434,4.801635
10.071924,1.45698,-8.740121,4.788647
10.074189,1.449103,-8.73242,4.809805
10.079111,1.472971,-8.748029,4.784434
10.042801,1.400724,-8.735764,4.752079
10.045239,1.452802,-8.720867,4.768929
10.087664,1.457044,-8.756173,4.792434
10.02294,1.367732,-8.712964,4.761605
10.075679,1.400947,-8.760094,4.776757
10.060873,1.445004,-8.724271,4.797939
10.05554,1.412954,-8.728228,4.789101
10.077171,1.417167,-8.736602,4.817965
10.057363,1.445723,-8.747602,4.747619
10.069219,1.400973,-8.748201,4.784916
10.106246,1.46207,-8.779106,4.788095
10.070127,1.462022,-8.73223,4.797719
10.053985,1.396847,-8.739999,4.769051
10.032773,1.420624,-8.727558,4.740053
10.055089,1.368991,-8.732385,4.793342
10.053131,1.412882,-8.732068,4.777049
10.030009,1.420508,-8.735291,4.719949
10.063831,1.472952,-8.728084,4.788699
10.045642,1.416616,-8.747459,4.731815
10.040534,1.383724,-8.735805,4.752193
10.058841,1.424784,-8.747772,4.756759
10.031313,1.40474,-8.716876,4.761304
10.050672,1.37991,-8.7322,4.78127
10.041573,1.424738,-8.727774,4.757024
10.048184,1.412891,-8.724122,4.781155
10.013069,1.375811,-8.689213,4.781869
10.02499,1.432375,-8.738983,4.698818
10.062261,1.436962,-8.73217,4.788887
10.05452,1.400847,-8.739989,4.769024
10.049775,1.416828,-8.731952,4.769024
10.078421,1.444872,-8.762829,4.764424
10.054055,1.432741,-8.743687,4.751759
10.073729,1.413051,-8.744346,4.797888
10.06611,1.433023,-8.732299,4.797913
10.036186,1.384739,-8.727869,4.757292
10.078099,1.44505,-8.744269,4.797673
10.062436,1.412972,-8.736227,4.788995
10.05717,1.424953,-8.728199,4.789021
10.038057,1.408643,-8.735586,4.740027
10.039884,1.404714,-8.731755,4.752106
10.077453,1.397132,-8.744543,4.809993
10.023044,1.404626,-8.71665,4.744306
10.073042,1.46498,-8.740102,4.788593
10.024251,1.424643,-8.712656,4.748225
10.023063,1.37568,-8.716825,4.752499
10.067466,1.452927,-8.740025,4.780675
10.077115,1.413212,-8.732719,4.826044
10.0412,1.416892,-8.713166,4.785274
10.049658,1.404811,-8.735927,4.765051
10.047827,1.416801,-8.731899,4.765024
10.071755,1.444963,-8.744097,4.784675
10.079881,1.412953,-8.763065,4.776637
10.055022,1.428723,-8.747643,4.747733
10.068477,1.456971,-8.736122,4.7887
10.098055,1.433195,-8.760509,4.813539
10.073319,1.453007,-8.740184,4.792673
10.060403,1.445688,-8.755495,4.739513
10.076101,1.40506,-8.748364,4.797888
10.094782,1.454042,-8.767126,4.788308
10.062726,1.424838,-8.747878,4.764758
10.079081,1.413239,-8.732772,4.830044
10.062059,1.469818,-8.739772,4.764563
10.059599,1.445908,-8.732042,4.780828
10.057649,1.445881,-8.731989,4.776828
10.080214,1.421087,-8.748379,4.80178
10.057112,1.433042,-8.717407,4.806112
10.043782,1.424874,-8.717094,4.781168
10.082504,1.436973,-8.760061,4.780516
10.048903,1.461873,-8.717005,4.78092
10.072603,1.43699,-8.744169,4.788728
10.081131,1.465936,-8.755939,4.776375
10.042854,1.440686,-8.731616,4.747865
10.076813,1.465838,-8.759726,4.760324
10.055156,1.440741,-8.743668,4.751705
10.092192,1.433114,-8.760349,4.80154
10.053553,1.404865,-8.736033,4.77305
10.059271,1.403945,-8.736195,4.785056
10.08291,1.412141,-8.748507,4.80984
10.073458,1.404141,-8.73658,4.814052
10.106752,1.449255,-8.763577,4.821391
10.072306,1.500898,-8.739857,4.776354
10.076327,1.416964,-8.756109,4.780703
10.101896,1.477096,-8.767177,4.796153
10.098493,1.445034,-8.775094,4.784262
10.076122,1.432892,-8.759911,4.768544
10.039245,1.416865,-8.713113,4.781275
10.063305,1.4369,-8.74001,4.776782
10.07626,1.474007,-8.740134,4.792533
10.076107,1.416855,-8.766843,4.760559
10.079832,1.48204,-8.740181,4.797479
10.066935,1.412919,-8.748066,4.776837
10.07256,1.428928,-8.752028,4.776676
10.092685,1.486095,-8.752224,4.801292
10.087913,1.461999,-8.760054,4.784348
10.073656,1.409096,-8.740462,4.805967
10.097228,1.409381,-8.745006,4.846909
10.054871,1.413087,-8.713561,4.814298
10.038182,1.412598,-8.739469,4.731948
10.096179,1.44123,-8.752597,4.821591
10.085206,1.440935,-8.766945,4.772397
10.100272,1.437113,-8.771286,4.797368
10.074613,1.43291,-8.755965,4.772597
10.058333,1.396946,-8.736212,4.785103
10.081263,1.452963,-8.756023,4.780462
10.064705,1.432927,-8.740072,4.780809
10.088987,1.437034,-8.763167,4.788475
10.070511,1.424946,-8.748091,4.780756
10.077195,1.408991,-8.756181,4.784756
9.497514,1.856842,-7.913766,4.911946
6.546131,2.891644,-4.397512,3.892571
5.894153,3.435365,-3.494966,3.274832
5.946402,3.65316,-3.334792,3.300497
5.764024,3.5554,-3.169281,3.246347
5.589987,3.396949,-3.056284,3.21991
5.487134,3.36827,-2.976375,3.147157
5.366625,3.294514,-2.944198,3.046069
5.347446,3.290319,-2.943822,3.017099
5.388527,3.31863,-2.936407,3.066012
5.393191,3.310709,-2.944544,3.074959
5.417309,3.334834,-2.940753,3.094849
5.384004,3.326504,-2.940121,3.045908
5.369925,3.306531,-2.928277,3.054201
5.396317,3.326663,-2.936454,3.070958
5.334059,3.286379,-2.897168,3.042748
5.330143,3.302111,-2.923476,2.993287
5.340802,3.290398,-2.905157,3.042615
5.341767,3.302264,-2.919795,3.017338
5.377795,3.343432,-2.909084,3.046206
5.381243,3.335503,-2.916208,3.054166
5.345108,3.290416,-2.913157,3.042508
5.364882,3.298513,-2.932242,3.050201
5.375319,3.343388,-2.912977,3.038154
5.361202,3.323415,-2.901132,3.046447
5.351946,3.323307,-2.90092,3.030448
5.371445,3.294692,-2.913692,3.083477
5.3643,3.310496,-2.913268,3.054373
5.351085,3.334201,-2.904667,3.013323
5.307643,3.298077,-2.87365,3.005978
5.329807,3.29021,-2.919718,3.009419
5.341355,3.302334,-2.901023,3.034589
5.357954,3.318397,-2.905091,3.042427
5.359785,3.351227,-2.892734,3.021368
5.336453,3.306264,-2.896894,3.025616
5.378915,3.339431,-2.920039,3.042087
5.394898,3.347512,-2.932125,3.049873
5.330661,3.266434,-2.909268,3.046722
5.339441,3.298388,-2.889193,3.046774
5.279134,3.260951,-2.888418,2.982029
5.358616,3.294637,-2.889694,3.083796
5.36239,3.322388,-2.913027,3.038295
5.342905,3.282479,-2.905336,3.054667
5.360568,3.334433,-2.874268,3.058731
5.363601,3.350263,-2.896789,3.025321
5.337481,3.310156,-2.919564,3.001286
5.347808,3.302362,-2.913022,3.034429
5.368363,3.338299,-2.923762,3.021043
5.387407,3.327584,-2.928333,3.062059
5.34453,3.294369,-2.916041,3.034443
5.39234,3.339645,-2.905532,3.079283
5.358925,3.319432,-2.897195,3.050526
5.355497,3.347342,-2.858132,3.050857
5.373601,3.335503,-2.893317,3.062471
5.387574,3.347548,-2.90134,3.066284
5.374461,3.339395,-2.915986,3.038141
5.3601,3.270655,-2.932588,3.071387
5.393556,3.359457,-2.920044,3.045953
5.3963,3.338593,-2.932306,3.061932
5.397723,3.342644,-2.916471,3.075117
5.39421,3.306842,-2.920928,3.103302
5.395967,3.354549,-2.91327,3.062078
5.388514,3.314763,-2.909804,3.095395
5.361513,3.294577,-2.913466,3.066479
5.370575,3.36221,-2.9086,3.013083
5.372606,3.334468,-2.901212,3.054372
5.325703,3.289229,-2.904828,3.017624
5.38895,3.306735,-2.932661,3.083144
5.363386,3.319468,-2.901248,3.054473
5.347123,3.314378,-2.885155,3.04672
5.35288,3.262763,-2.897982,3.099902
5.353982,3.310486,-2.885377,3.062745
5.326915,3.298211,-2.896807,3.01767
5.383432,3.306745,-2.913769,3.091396
5.337302,3.298378,-2.885193,3.046827
5.326692,3.32703,-2.88842,2.993585
5.345231,3.294389,-2.913094,3.038482
5.286571,3.281979,-2.865529,2.994192
5.333631,3.330137,-2.876679,3.013723
5.31479,3.282184,-2.896792,3.013778
5.334789,3.298334,-2.889087,3.038774
5.341352,3.262558,-2.916489,3.062654
5.297944,3.286051,-2.873625,3.002058
5.343342,3.343093,-2.892487,3.001424
5.328345,3.318147,-2.880708,3.01375
5.387271,3.314824,-2.890018,3.111659
5.354198,3.322281,-2.915801,3.021257
5.305825,3.306014,-2.869525,2.997978
5.349197,3.306459,-2.885334,3.058772
5.317383,3.290157,-2.89672,3.009725
5.32542,3.290298,-2.885053,3.034882
5.320045,3.27829,-2.893028,3.030856
5.342102,3.355038,-2.880407,2.997504
5.323787,3.270327,-2.909046,3.030697
5.320506,3.294228,-2.880924,3.025909
5.350165,3.298434,-2.909191,3.046508
5.349562,3.306342,-2.915959,3.030363
5.316031,3.310013,-2.892407,2.989646
5.329845,3.282406,-2.885285,3.050934
5.330158,3.314165,-2.888716,3.01367
5.35441,3.327307,-2.90091,3.030422
5.324382,3.266425,-2.893322,3.050934
5.310928,3.29804,-2.892489,2.993726
5.343809,3.306334,-2.901013,3.034562
5.302496,3.301976,-2.876427,2.989913
5.328226,3.335049,-2.873508,3.00173
5.332302,3.314174,-2.892716,3.013617
5.312792,3.262335,-2.889173,3.039016
5.315378,3.294121,-2.892658,3.005752
5.276576,3.272943,-2.861498,2.990306
5.30364,3.317917,-2.865324,2.984952
5.350876,3.289583,-2.8896,3.075831
5.312123,3.294158,-2.873819,3.018003
5.335135,3.330075,-2.896465,2.997458
5.298745,3.298005,-2.865544,2.998085
5.28596,3.288889,-2.873299,2.978041
5.332955,3.322156,-2.884698,3.01367
5.350914,3.330228,-2.90473,3.01735
5.315536,3.294139,-2.888711,3.009804
5.315687,3.298112,-2.888648,3.005778
5.291167,3.258113,-2.888744,3.006046
5.305882,3.278157,-2.884803,3.013964
5.344477,3.31036,-2.889111,3.042694
5.34309,3.282496,-2.901389,3.05872
5.350904,3.298504,-2.893405,3.062719
5.334308,3.306255,-2.892895,3.025669
5.343776,3.286522,-2.889487,3.066852
5.317383,3.294113,-2.900604,3.001646
5.32985,3.306219,-2.888842,3.021723
5.339744,3.335184,-2.873774,3.021728
5.316008,3.306058,-2.888523,2.997725
5.342156,3.310333,-2.889058,3.038694
5.340271,3.306387,-2.877228,3.050879
5.378516,3.323557,-2.916343,3.062245
5.327416,3.338967,-2.884285,2.985559
5.332966,3.302315,-2.881078,3.038854
5.331066,3.34304,-2.86949,3.00173
5.351212,3.314379,-2.897101,3.042561
5.330461,3.302271,-2.884971,3.030802
5.303091,3.281103,-2.884689,3.005945
5.302098,3.265264,-2.870114,3.035249
5.316363,3.277238,-2.89691,3.021811
5.318821,3.26138,-2.897227,3.042915
5.350748,3.326255,-2.904793,3.021376
5.277692,3.288764,-2.88002,2.95695
5.289677,3.237212,-2.896953,3.018079
5.278616,3.280909,-2.861413,2.985253
5.312369,3.261352,-2.885229,3.043075
5.367285,3.347359,-2.889023,3.042446
5.32445,3.298166,-2.9007,3.009618
5.30029,3.282122,-2.869795,3.014137
5.333535,3.306167,-2.912627,3.005405
5.365616,3.306512,-2.920277,3.054307
5.36716,3.294673,-2.905692,3.083584
5.365047,3.322451,-2.905187,3.0504
5.379199,3.334513,-2.909265,3.058265
5.341663,3.306325,-2.897014,3.034615
5.333745,3.250523,-2.924411,3.054629
5.340019,3.350094,-2.869579,3.009682
5.3996,3.338797,-2.889908,3.107499
5.345822,3.30237,-2.905076,3.038535
5.359624,3.285576,-2.924433,3.062393
5.352443,3.289433,-2.932104,3.038263
5.339607,3.302254,-2.915796,3.017391
5.332312,3.310219,-2.888832,3.021696
5.320343,3.326023,-2.873477,2.997791
5.366359,3.338307,-2.915816,3.025149
5.355235,3.306451,-2.905226,3.050507
5.37589,3.319539,-2.920299,3.058219
5.34893,3.303415,-2.90118,3.046581
5.347675,3.286505,-2.90538,3.05864
5.363662,3.327414,-2.901123,3.04642
5.338109,3.299396,-2.881244,3.050873
5.371671,3.323582,-2.889518,3.075603
5.36819,3.311459,-2.932105,3.042115
5.365842,3.323468,-2.901238,3.054446
5.348247,3.299528,-2.877524,3.071924
5.331691,3.295256,-2.904867,3.021584
5.327654,3.294156,-2.919602,3.001393
5.348283,3.322256,-2.904802,3.021403
5.374858,3.310575,-2.924374,3.062226
5.356773,3.286717,-2.877927,3.100008
5.302572,3.265211,-2.88494,3.022051
5.345426,3.282523,-2.901443,3.062719
5.362247,3.318415,-2.91309,3.042321
5.347271,3.306467,-2.877387,3.062878
5.380944,3.363324,-2.908823,3.030074
5.413984,3.363619,-2.932299,3.065764
5.366146,3.342351,-2.896981,3.038373
5.393356,3.346576,-2.913342,3.066131
5.384831,3.310825,-2.890028,3.111686
5.393665,3.338637,-2.91348,3.075183
5.375409,3.322512,-2.920239,3.0542
5.390759,3.338603,-2.913414,3.070184
5.3776,3.318566,-2.920355,3.062226
5.323084,3.306156,-2.884736,3.013777
5.379805,3.31462,-2.920471,3.070252
5.355785,3.322343,-2.904975,3.034401
5.320942,3.306147,-2.880736,3.01383
5.323681,3.261452,-2.893387,3.054967
4.955464,3.328364,-2.05598,3.041638
6.139641,5.252696,-0.122171,3.176389
9.0357,7.947827,0.06513,4.297868
10.707077,9.288083,-0.075474,5.326098
11.082891,9.512787,-0.204714,5.682909
10.961737,9.39553,-0.211448,5.642604
10.713113,9.176629,-0.164392,5.525689
10.635749,9.095533,-0.168373,5.51018
10.619589,9.091427,-0.195048,5.48485
10.614565,9.083399,-0.171122,5.489223
10.641617,9.115345,-0.148048,5.489314
10.619839,9.107187,-0.163681,5.460158
10.645504,9.127236,-0.135861,5.477395
10.678984,9.131693,-0.168606,5.533936
10.604806,9.079302,-0.163973,5.477344
10.665571,9.155255,-0.167685,5.468783
10.624525,9.095336,-0.144096,5.489501
10.653483,9.111568,-0.160442,5.518178
10.63635,9.111371,-0.171002,5.485036
10.623298,9.111196,-0.167671,5.460078
10.600798,9.079283,-0.178866,5.469145
10.65751,9.131408,-0.164062,5.492994
10.669291,9.127613,-0.168456,5.521964
10.670051,9.143479,-0.183084,5.49666
10.633556,9.1153,-0.174833,5.472957
10.64597,9.107533,-0.168344,5.510099
10.606936,9.099141,-0.178539,5.448014
10.600004,9.066383,-0.164164,5.48943
10.611603,9.107095,-0.170467,5.444067
10.679035,9.168335,-0.190705,5.472389
10.676355,9.148496,-0.179126,5.50068
10.622627,9.095355,-0.164041,5.485236
10.69975,9.148774,-0.168724,5.545821
10.698133,9.176459,-0.175006,5.496546
10.624565,9.107257,-0.1678,5.469104
10.649378,9.111532,-0.168335,5.510073
10.635035,9.1193,-0.186769,5.468771
10.660449,9.144335,-0.178817,5.476709
10.678324,9.160398,-0.182884,5.484548
10.680542,9.128729,-0.16072,5.542062
10.688512,9.160488,-0.164152,5.504798
10.62758,9.103372,-0.182967,5.48093
10.611744,9.107123,-0.182466,5.443907
10.726081,9.184682,-0.152534,5.537793
10.678278,9.140586,-0.168372,5.517878
10.655745,9.136371,-0.182889,5.480709
10.648464,9.115543,-0.199203,5.500635
10.66093,9.107774,-0.191714,5.537791
10.634401,9.099463,-0.164244,5.501207
10.683402,9.131791,-0.18771,5.541683
10.655341,9.123552,-0.203183,5.500528
10.69028,9.131888,-0.191883,5.554628
10.619536,9.091418,-0.191048,5.484904
10.648916,9.123444,-0.191025,5.488689
10.679064,9.151524,-0.191118,5.5005
10.647173,9.13129,-0.170795,5.472903
10.637868,9.115381,-0.186938,5.480796
10.689238,9.1437,-0.171577,5.533816
10.64678,9.123408,-0.186972,5.484742
10.642255,9.115472,-0.203043,5.488583
10.64703,9.103639,-0.191458,5.51782
10.649131,9.111579,-0.191319,5.508767
10.647887,9.127337,-0.167911,5.480969
10.630435,9.099453,-0.183136,5.492955
10.644077,9.115452,-0.183098,5.492848
10.657485,9.151195,-0.167575,5.45981
10.660241,9.111738,-0.199598,5.529658
10.656078,9.099773,-0.179787,5.542003
10.650205,9.115506,-0.171259,5.505007
10.670495,9.15137,-0.170907,5.484768
10.663853,9.143407,-0.186925,5.484608
10.593564,9.058455,-0.19518,5.489071
10.681304,9.131764,-0.187657,5.537683
10.657288,9.160158,-0.198338,5.44334
10.662476,9.119613,-0.168475,5.522018
10.636541,9.111408,-0.187001,5.484823
10.652771,9.123435,-0.164134,5.497047
10.691523,9.143764,-0.187628,5.537603
10.651395,9.108658,-0.199445,5.51768
10.641317,9.144095,-0.182325,5.43966
10.648293,9.120443,-0.179086,5.492868
10.629197,9.100426,-0.183081,5.488949
10.66936,9.140462,-0.164146,5.500933
10.668982,9.136576,-0.199219,5.505493
10.668546,9.128676,-0.207397,5.517439
10.657272,9.120576,-0.187312,5.50976
10.680774,9.12086,-0.17991,5.554861
10.661153,9.132559,-0.218107,5.496269
10.701094,9.139904,-0.175971,5.562786
10.652551,9.095748,-0.168798,5.542176
10.702236,9.168601,-0.175304,5.517597
10.679899,9.139684,-0.199424,5.521472
10.646682,9.123389,-0.178973,5.484849
10.672248,9.160344,-0.194724,5.47239
10.685569,9.151558,-0.168292,5.513804
10.659914,9.131497,-0.191112,5.496634
10.693396,9.143747,-0.168683,5.541855
10.658798,9.135372,-0.159999,5.489021
10.725486,9.200565,-0.183121,5.509277
10.667234,9.140426,-0.160094,5.496986
10.597386,9.095079,-0.186388,5.435935
10.679227,9.136674,-0.183486,5.525704
10.665916,9.12855,-0.164348,5.514012
10.691542,9.160602,-0.199215,5.509332
10.666893,9.144452,-0.194975,5.488495
10.680233,9.17228,-0.178644,5.468522
10.670317,9.128647,-0.183452,5.521758
10.682843,9.140711,-0.199475,5.525464
10.667553,9.13556,-0.195209,5.504553
10.660436,9.127505,-0.17123,5.504926
10.652075,9.099756,-0.19568,5.533791
10.70565,9.144959,-0.199957,5.562434
10.663489,9.135525,-0.203102,5.496448
10.651427,9.131362,-0.178901,5.480796
10.663487,9.115711,-0.187589,5.529791
10.693302,9.16847,-0.168079,5.500692
10.685452,9.131809,-0.183764,5.545735
10.643288,9.103657,-0.222349,5.509408
10.685132,9.148592,-0.171352,5.517784
10.671663,9.140533,-0.183198,5.50468
10.670607,9.131586,-0.168393,5.517938
10.643522,9.099621,-0.183468,5.517953
10.719351,9.18861,-0.179256,5.51741
10.644429,9.123328,-0.163921,5.481049
10.63635,9.111371,-0.171002,5.485036
10.671006,9.144497,-0.191081,5.496547
10.639395,9.107489,-0.18717,5.496848
10.605621,9.075365,-0.168089,5.485317
10.679872,9.164407,-0.19882,5.480309
10.674847,9.151461,-0.187012,5.492554
10.686877,9.127888,-0.191892,5.554655
10.646299,9.107595,-0.195342,5.50974
10.699669,9.180469,-0.190942,5.492307
10.676083,9.155415,-0.17895,5.488634
10.709157,9.176619,-0.183284,5.517437
10.678779,9.143565,-0.171311,5.513818
10.669619,9.127675,-0.195453,5.521605
10.694006,9.151682,-0.175504,5.52971
10.72512,9.200586,-0.195106,5.508118
10.666107,9.123657,-0.187464,5.521738
10.678596,9.1238,-0.179783,5.545842
10.657653,9.123613,-0.218235,5.504328
10.659508,9.115694,-0.203481,5.521579
10.73498,9.172049,-0.204052,5.574198
10.682348,9.135684,-0.164597,5.533962
10.674454,9.135666,-0.20338,5.517446
10.642777,9.106552,-0.191278,5.504801
10.695574,9.155701,-0.19544,5.525417
10.688679,9.172416,-0.190855,5.484361
10.685536,9.148666,-0.203349,5.517359
10.687463,9.148665,-0.191404,5.521518
10.684204,9.132782,-0.183708,5.541729
10.687817,9.136818,-0.199697,5.541489
10.705198,9.176602,-0.199177,5.509225
10.68328,9.156514,-0.187106,5.50052
10.663532,9.140462,-0.198984,5.488469
10.675326,9.111906,-0.187984,5.558815
10.690182,9.144718,-0.179574,5.533703
10.711974,9.184593,-0.195158,5.509225
10.669731,9.140533,-0.195143,5.50052
10.65475,9.135344,-0.170892,5.480875
10.713902,9.184592,-0.183212,5.513384
10.632477,9.099471,-0.17919,5.497008
10.678809,9.148588,-0.207176,5.504307
10.675441,9.144595,-0.210186,5.504294
10.729678,9.208522,-0.179036,5.504277
10.673404,9.119828,-0.203737,5.54155
10.673919,9.127747,-0.203559,5.529498
10.640167,9.09563,-0.187477,5.517926
10.638529,9.111416,-0.179055,5.488929
10.6667,9.131585,-0.191285,5.509633
10.674132,9.140539,-0.171265,5.509839
10.690328,9.156648,-0.207277,5.513252
10.6884,9.144747,-0.203518,5.529384
10.688242,9.156621,-0.207224,5.509253
10.705695,9.17261,-0.179294,5.517517
10.708099,9.152878,-0.187833,5.55454
10.694728,9.120058,-0.184284,5.582812
10.678235,9.132756,-0.207547,5.529411
10.678233,9.112924,-0.184035,5.562861
10.672393,9.140576,-0.19921,5.505467
10.682314,9.132792,-0.199654,5.537517
10.731042,9.189815,-0.210516,5.536989
10.704463,9.141005,-0.208019,5.566354
10.706688,9.156799,-0.179704,5.545621
10.688001,9.176371,-0.194739,5.476282
10.663761,9.088076,-0.215251,5.574615
10.68935,9.160557,-0.191162,5.505439
10.677042,9.140701,-0.230313,5.513054
10.68471,9.135764,-0.187648,5.537656
10.699889,9.140887,-0.179915,5.558727
10.694131,9.135959,-0.22287,5.554189
10.687031,9.140764,-0.199581,5.533464
10.762639,9.189226,-0.208343,5.599028
10.7492,9.200913,-0.203717,5.554006
10.700131,9.148845,-0.199722,5.545409
10.666434,9.111801,-0.191758,5.541763
10.654389,9.099818,-0.210731,5.537591
10.68381,9.159497,-0.191045,5.496447
10.736045,9.200727,-0.195385,5.529115
5.169978,3.522777,3.476291,-1.494697
45.657803,-22.705723,21.996843,-32.942738
77.732587,-40.789665,36.082063,-55.467495
91.082627,-48.410675,42.135925,-64.629832
94.146814,-50.222701,43.575776,-66.651742
93.251437,-49.892698,43.167532,-65.902301
91.737388,-49.107698,42.473732,-64.808676
90.332807,-48.351532,41.808389,-63.829491
89.951283,-48.103556,41.613953,-63.604717
90.398671,-48.324245,41.832756,-63.927362
90.574168,-48.455098,41.907793,-64.027496
90.676569,-48.527623,41.947481,-64.091488
90.361934,-48.347802,41.820876,-63.865355
91.184697,-48.744885,42.176381,-64.496031
91.337094,-48.855613,42.255201,-64.576249
90.810984,-48.585469,42.015707,-64.193204
90.35628,-48.331844,41.813034,-63.874567
89.94176,-48.115438,41.597766,-63.592851
90.824686,-48.569693,42.008224,-64.229414
91.432369,-48.896191,42.314976,-64.641189
91.652295,-49.014481,42.4138,-64.798098
92.247738,-49.364837,42.673433,-65.205337
91.504963,-48.981441,42.319251,-64.676562
91.29904,-48.818533,42.208346,-64.581121
91.285534,-48.822339,42.231843,-64.543779
91.674026,-49.026633,42.41009,-64.822068
91.136732,-48.764374,42.155419,-64.427171
90.63701,-48.507365,41.940051,-64.055719
90.673834,-48.511677,41.947625,-64.099595
91.164895,-48.76959,42.167778,-64.454975
90.954564,-48.662331,42.070981,-64.301965
90.881658,-48.60196,42.063421,-64.249466
91.006355,-48.662733,42.114575,-64.346388
91.059469,-48.70806,42.08824,-64.40444
90.753339,-48.536257,41.972602,-64.177106
90.748307,-48.548097,41.999132,-64.14367
90.867427,-48.577978,42.047586,-64.257839
90.728553,-48.528103,41.95241,-64.161428
90.583689,-48.479081,41.900736,-64.027429
90.422112,-48.357361,41.802051,-63.95555
90.713537,-48.535891,41.967898,-64.124165
91.642972,-49.051309,42.36261,-64.790529
91.704216,-49.095562,42.414766,-64.809541
90.784023,-48.625085,41.980017,-64.148407
89.904791,-48.10717,41.577349,-63.560174
90.788981,-48.536515,42.01193,-64.201585
90.773001,-48.557352,41.964778,-64.19407
91.422055,-48.872254,42.295248,-64.657614
91.761494,-49.080125,42.443784,-64.883267
91.649113,-49.006499,42.409872,-64.802204
91.598225,-48.99017,42.374422,-64.765781
91.478615,-48.940369,42.334135,-64.660639
91.18222,-48.821437,42.195226,-64.422258
90.938133,-48.658218,42.059819,-64.28914
91.246881,-48.778188,42.235629,-64.520023
92.209321,-49.32075,42.646487,-65.201992
92.222955,-49.328785,42.673413,-65.197579
91.306864,-48.879193,42.262279,-64.510989
90.620445,-48.455546,41.90171,-64.096582
91.626126,-48.978459,42.391941,-64.802631
92.152867,-49.31631,42.609796,-65.149503
91.340599,-48.89945,42.242831,-64.556116
91.037044,-48.723683,42.131255,-64.332755
91.63561,-48.986547,42.372189,-64.822841
92.058684,-49.255779,42.582012,-65.080272
91.386944,-48.899845,42.26352,-64.607844
91.146801,-48.757456,42.179487,-64.430898
91.0991,-48.749109,42.147964,-64.390369
91.100156,-48.713261,42.167261,-64.406355
91.320609,-48.843549,42.239178,-64.572542
91.498143,-48.945541,42.327496,-64.688696
90.897635,-48.642927,42.052311,-64.248338
91.062644,-48.71301,42.116,-64.387036
91.8412,-49.048918,42.503157,-64.9807
91.912811,-49.122211,42.511526,-65.0211
92.466885,-49.468254,42.74268,-65.391743
91.979027,-49.247155,42.537999,-65.002906
91.185399,-48.769759,42.180056,-64.475813
91.397462,-48.887996,42.267827,-64.628869
91.189268,-48.78567,42.202736,-64.454402
91.018668,-48.679761,42.115587,-64.350261
91.561198,-48.95802,42.355288,-64.75025
90.899003,-48.626032,42.048578,-64.265503
91.012304,-48.671763,42.10466,-64.35446
90.873274,-48.594014,42.016763,-64.274142
91.397681,-48.911833,42.290343,-64.596406
91.170629,-48.769643,42.167884,-64.462974
91.122721,-48.801063,42.151733,-64.381968
91.510832,-48.932742,42.318966,-64.721899
92.134709,-49.268385,42.607071,-65.161863
91.647293,-49.039323,42.406462,-64.777026
91.87624,-49.161676,42.506395,-64.942894
91.622621,-49.074949,42.386727,-64.728043
91.152251,-48.785383,42.171314,-64.422818
90.79412,-48.585318,42.011428,-64.17226
91.119463,-48.753288,42.144327,-64.418392
90.809509,-48.557571,42.027918,-64.204231
90.779113,-48.561344,41.987647,-64.184738
91.636857,-49.038301,42.370587,-64.78651
92.211452,-49.320748,42.657433,-65.197846
91.781936,-49.144963,42.458242,-64.853636
91.542147,-49.001637,42.346466,-64.696067
91.473716,-48.916496,42.307567,-64.689156
91.240263,-48.817981,42.207257,-64.49913
90.980048,-48.691394,42.086963,-64.305558
92.048836,-49.227842,42.574239,-65.092564
92.070018,-49.271805,42.582027,-65.084164
91.548143,-48.973796,42.365757,-64.713
91.44441,-48.953083,42.282777,-64.636233
91.333459,-48.855594,42.247201,-64.576355
90.880618,-48.662675,42.047785,-64.212261
90.661055,-48.48773,41.920911,-64.117113
91.150882,-48.77741,42.171386,-64.426871
91.392067,-48.927761,42.259307,-64.596711
91.373946,-48.871855,42.267586,-64.607978
91.570553,-48.954127,42.35551,-64.766275
91.446147,-48.916229,42.311022,-64.648107
91.766026,-49.116983,42.443417,-64.862022
91.847871,-49.153489,42.486137,-64.922216
92.024882,-49.194797,42.566266,-65.088892
92.265772,-49.350056,42.68684,-65.233262
91.657378,-49.063359,42.37562,-64.793276
91.493716,-48.921611,42.331672,-64.697802
91.081545,-48.733064,42.128004,-64.390742
90.959019,-48.643442,42.084185,-64.313918
91.173831,-48.78159,42.179695,-64.450735
91.313196,-48.827567,42.235269,-64.576702
91.341761,-48.851684,42.25137,-64.588327
92.008712,-49.198655,42.551045,-65.073066
92.850871,-49.636623,42.95301,-65.669847
92.704697,-49.614509,42.873221,-65.53204
91.921497,-49.185865,42.565439,-64.949948
91.010449,-48.74342,42.086892,-64.309209
90.272346,-48.271427,41.776517,-63.825453
91.345115,-48.822845,42.259717,-64.609413
91.088411,-48.736115,42.127103,-64.398734
91.158731,-48.781464,42.171483,-64.434844
91.324328,-48.931113,42.254036,-64.501748
91.142951,-48.756427,42.178436,-64.426919
91.396828,-48.894912,42.289543,-64.608532
91.199815,-48.801683,42.205711,-64.455255
91.36656,-48.886768,42.238513,-64.605264
91.577895,-48.99301,42.351205,-64.750068
91.69748,-49.006961,42.406802,-64.87225
92.190209,-49.275787,42.650648,-65.206239
92.136624,-49.328106,42.605383,-65.120479
92.707598,-49.614499,42.892113,-65.523789
92.171939,-49.348308,42.620666,-65.145143
91.425507,-48.939923,42.306381,-64.604005
91.787204,-49.120147,42.453688,-64.882867
91.97844,-49.218271,42.55024,-65.015939
91.318623,-48.883292,42.258483,-64.527013
90.490067,-48.44543,41.867676,-63.942085
90.975767,-48.65551,42.099221,-64.318638
92.053681,-49.226922,42.559469,-65.109768
92.121278,-49.323974,42.609113,-65.099455
91.39056,-48.899842,42.282425,-64.600592
91.365175,-48.850933,42.239918,-64.629489
91.398546,-48.895943,42.279647,-64.616657
91.775907,-49.089223,42.439975,-64.899259
92.974744,-49.738219,42.985802,-65.746737
92.564053,-49.533657,42.836888,-65.418054
92.258674,-49.342029,42.686806,-65.229316
92.353491,-49.407473,42.749242,-65.273051
92.546487,-49.464881,42.8146,-65.459818
92.146207,-49.356986,42.637925,-65.090849
91.393563,-48.891916,42.279604,-64.612684
91.093386,-48.745054,42.158813,-64.378251
91.116129,-48.757261,42.132318,-64.418525
91.618188,-48.982342,42.402651,-64.78146
91.068466,-48.748877,42.119635,-64.365744
90.923005,-48.65904,42.07539,-64.256924
90.957395,-48.639408,42.104033,-64.30168
91.527798,-48.997538,42.338317,-64.684202
91.828223,-49.052814,42.484029,-64.971926
92.392536,-49.447677,42.73064,-65.310032
92.168355,-49.337357,42.606853,-65.157401
91.81605,-49.149202,42.489562,-64.878194
92.066424,-49.279716,42.589795,-65.068006
92.145787,-49.255517,42.626273,-65.174696
91.908908,-49.193779,42.528423,-64.950386
91.907338,-49.168966,42.490031,-64.992067
91.329686,-48.899292,42.27039,-64.522747
91.625781,-48.966517,42.391089,-64.811724
91.713123,-49.070765,42.41821,-64.838665
91.472019,-48.908512,42.311599,-64.690156
92.06634,-49.279768,42.563023,-65.085363
91.310028,-48.883211,42.258323,-64.515015
91.593792,-48.999074,42.379188,-64.749656
91.332639,-48.855537,42.271973,-64.559024
91.27225,-48.847089,42.231292,-64.506616
91.149543,-48.83017,42.151876,-64.397772
90.473646,-48.446332,41.836623,-63.938491
91.017287,-48.67579,42.104704,-64.358433
91.461834,-48.937354,42.269414,-64.681521
91.235134,-48.798009,42.219304,-64.499104
92.246654,-49.306143,42.663226,-65.254873
92.001603,-49.243395,42.534501,-65.039981
91.636846,-49.042303,42.359632,-64.790629
91.65464,-49.051356,42.394554,-64.786104
70.781998,-39.223145,32.787768,-48.955065
21.106064,-12.053799,9.084285,-14.752885
3.819182,-1.787913,0.117748,-3.372781
2.864121,1.172959,-2.591053,-0.337342
4.064977,2.069881,-3.457646,0.533211
4.492316,2.379474,-3.719847,0.825678
4.633365,2.498121,-3.798488,0.893842
4.73741,2.571147,-3.843145,1.030773
4.756306,2.555201,-3.878127,1.026415
4.822473,2.656751,-3.868029,1.111876
4.790001,2.624413,-3.863455,1.063149
4.881413,2.669124,-3.922487,1.148073
4.896377,2.677179,-3.934519,1.15186
4.905566,2.645501,-3.955139,1.192803
4.946081,2.718526,-3.955017,1.196314
4.935032,2.702741,-3.940548,1.233617
4.975753,2.706876,-3.987588,1.236964
4.980154,2.718822,-3.987453,1.228885
4.995655,2.779649,-3.971043,1.208691
5.008372,2.719267,-4.003262,1.289679
5.049156,2.7844,-4.003372,1.309241
5.063816,2.784347,-4.027157,1.292924
5.054631,2.747427,-4.038351,1.301025
5.0562,2.788027,-4.030497,1.243849
5.09027,2.796648,-4.038672,1.333693
5.065621,2.796505,-4.011515,1.322053
5.086093,2.80864,-4.023698,1.337811
5.096021,2.820721,-4.023829,1.34973
5.122673,2.800907,-4.067045,1.36229
5.108214,2.82088,-4.032107,1.370621
5.103943,2.78105,-4.047467,1.390687
5.12789,2.800899,-4.074991,1.358184
5.132468,2.792996,-4.082169,1.370144
5.15591,2.838086,-4.075275,1.385934
5.163695,2.838156,-4.08238,1.39384
5.143182,2.824952,-4.07504,1.366023
5.151721,2.858118,-4.051402,1.399117
5.163422,2.8582,-4.063507,1.406957
5.173643,2.857013,-4.090016,1.369609
5.15338,2.849014,-4.067143,1.377967
5.145594,2.817114,-4.075378,1.390074
5.172691,2.845148,-4.09031,1.389687
5.147474,2.821237,-4.067648,1.411151
5.159094,2.861058,-4.063221,1.385939
5.180627,2.873102,-4.082191,1.385606
5.157484,2.845032,-4.075152,1.377888
5.187932,2.889244,-4.071485,1.410642
5.232739,2.897627,-4.107061,1.455119
5.209231,2.877591,-4.09111,1.455465
5.208065,2.861514,-4.106921,1.438361
5.19669,2.849529,-4.099017,1.443548
5.165191,2.849048,-4.082142,1.377768
5.190034,2.861414,-4.086817,1.430628
5.188473,2.845194,-4.110308,1.389421
5.18657,2.861333,-4.086657,1.41863
5.163959,2.829342,-4.078787,1.42295
5.210225,2.889333,-4.098536,1.414283
5.181806,2.857208,-4.090401,1.398605
5.174476,2.845494,-4.072082,1.447933
5.215912,2.890325,-4.10648,1.41017
5.211704,2.874433,-4.106731,1.426276
5.173561,2.825424,-4.090902,1.430816
5.205711,2.890147,-4.102148,1.385226
5.194551,2.874288,-4.09052,1.41049
5.217038,2.878442,-4.110721,1.426196
5.174869,2.849342,-4.07874,1.422816
5.190717,2.858468,-4.08693,1.438648
5.162563,2.837208,-4.078503,1.402899
5.194675,2.882252,-4.086448,1.40649
5.196098,2.886102,-4.094105,1.38136
5.174429,2.83753,-4.076154,1.451933
5.197226,2.858298,-4.106503,1.406385
5.14231,2.789149,-4.090444,1.390062
5.210501,2.890261,-4.102374,1.402224
5.212855,2.886369,-4.102596,1.418249
5.171614,2.878067,-4.06718,1.385772
5.190358,2.870306,-4.086583,1.41457
5.194419,2.89328,-4.075529,1.414562
5.176796,2.857022,-4.094015,1.369555
5.18625,2.845529,-4.087081,1.447734
5.202482,2.877306,-4.098512,1.410364
5.203155,2.861334,-4.110549,1.410311
5.225065,2.893323,-4.117419,1.406004
5.168344,2.849058,-4.086141,1.377715
5.194079,2.88612,-4.090159,1.385413
5.17917,2.849378,-4.082792,1.426762
5.170376,2.84904,-4.090088,1.373662
5.181964,2.889103,-4.071207,1.389645
5.183775,2.882173,-4.075342,1.398637
5.181714,2.87418,-4.078361,1.398651
5.163462,2.861951,-4.074952,1.365775
5.18465,2.821539,-4.103083,1.443682
5.18847,2.866183,-4.094312,1.393493
5.189263,2.882189,-4.082342,1.398544
5.201087,2.890234,-4.090375,1.402384
5.211919,2.89036,-4.098587,1.418276
5.172041,2.889782,-4.074553,1.34059
5.192769,2.878323,-4.082617,1.418569
5.183109,2.845519,-4.083081,1.447787
5.186304,2.853492,-4.083009,1.443734
5.227573,2.874673,-4.115168,1.459166
5.203563,2.870486,-4.094901,1.438461
5.21477,2.866478,-4.114802,1.430222
5.187521,2.870174,-4.090303,1.393519
5.181895,2.853262,-4.090517,1.406631
5.180655,2.862049,-4.094056,1.373522
5.203701,2.862334,-4.110546,1.410305
5.200951,2.88227,-4.094447,1.406384
5.186187,2.853298,-4.094569,1.410578
5.218952,2.8896,-4.095081,1.455332
5.185617,2.869075,-4.094093,1.377474
5.212701,2.869708,-4.095341,1.471464
5.204091,2.882279,-4.098447,1.406331
5.18315,2.849343,-4.090685,1.418657
5.208931,2.909537,-4.068036,1.455557
5.211912,2.877334,-4.110511,1.410204
5.212871,2.901368,-4.090614,1.422308
5.176782,2.861281,-4.075605,1.414776
5.168625,2.846234,-4.078534,1.406838
5.167036,2.854093,-4.078236,1.385787
5.194882,2.86245,-4.090867,1.434568
5.191515,2.83361,-4.099214,1.455653
5.185991,2.874216,-4.082414,1.402598
5.184085,2.858183,-4.094332,1.393546
5.196128,2.870441,-4.086848,1.434568
5.2017,2.838655,-4.107255,1.459513
5.200423,2.846398,-4.11469,1.418358
5.205507,2.898234,-4.090356,1.40233
5.19506,2.877261,-4.090459,1.406471
5.203834,2.865618,-4.091192,1.459545
5.18525,2.837221,-4.11038,1.393474
5.188943,2.837308,-4.110553,1.406473
5.216692,2.882698,-4.091311,1.47143
5.190782,2.877225,-4.086406,1.402524
5.17296,2.857129,-4.082282,1.389713
5.183109,2.845519,-4.083081,1.447787
5.190538,2.837601,-4.095205,1.45568
5.210106,2.865636,-4.099191,1.459439
5.17595,2.861326,-4.071712,1.422829
5.192952,2.882388,-4.075767,1.430634
5.197554,2.897188,-4.082306,1.398444
5.171657,2.841369,-4.078812,1.426869
5.171226,2.845244,-4.082536,1.406791
5.195557,2.897206,-4.078359,1.402497
5.22451,2.922368,-4.090564,1.422167
5.169813,2.85712,-4.078282,1.389766
5.197345,2.877315,-4.090565,1.41447
5.220303,2.857609,-4.122049,1.447188
5.173232,2.845226,-4.086483,1.402739
5.182288,2.8376,-4.083259,1.459839
5.224339,2.918156,-4.106081,1.384986
5.221058,2.890316,-4.114426,1.406064
5.214964,2.886546,-4.094982,1.447353
5.177786,2.858406,-4.071878,1.434847
5.174308,2.837289,-4.090608,1.410738
5.224133,2.882744,-4.099363,1.475323
5.199624,2.858547,-4.095049,1.44754
5.185649,2.841627,-4.083303,1.463812
5.202109,2.874528,-4.087011,1.447539
5.211323,2.878307,-4.110455,1.406198
5.203086,2.853371,-4.114621,1.414311
5.20436,2.833477,-4.125827,1.426298
5.153178,2.833086,-4.075287,1.385967
5.197054,2.87836,-4.08667,1.422515
5.203563,2.870486,-4.094901,1.438461
5.22978,2.886395,-4.125541,1.413944
5.201882,2.87051,-4.090967,1.443513
5.195836,2.858459,-4.094876,1.434542
5.19017,2.857468,-4.086932,1.438654
5.189742,2.829805,-4.087663,1.488836
5.184249,2.837583,-4.087206,1.455786
5.203723,2.873387,-4.098681,1.422389
5.191819,2.857378,-4.094719,1.42255
5.171922,2.861167,-4.075379,1.397778
5.213166,2.886441,-4.098756,1.430301
5.198111,2.857397,-4.102718,1.422443
5.234065,2.897531,-4.114834,1.438014
5.204922,2.861504,-4.102921,1.438415
5.237954,2.905341,-4.125389,1.405818
5.228064,2.91344,-4.098691,1.430121
5.22595,2.913581,-4.087024,1.455277
5.20909,2.865487,-4.106858,1.434335
5.235459,2.869681,-4.130126,1.455
5.20919,2.889501,-4.086922,1.443439
5.193136,2.84129,-4.11449,1.402393
5.199677,2.893466,-4.071914,1.443612
5.207431,2.886306,-4.09849,1.410304
5.218022,2.87384,-4.091611,1.492488
5.204948,2.862556,-4.099039,1.44746
5.224383,2.8667,-4.11524,1.463219
5.21733,2.866726,-4.103348,1.471378
5.206294,2.86246,-4.106812,1.430356
5.197505,2.886395,-4.078758,1.430567
5.193346,2.858528,-4.08705,1.447647
5.178443,2.854297,-4.082621,1.41473
5.216201,2.890396,-4.10264,1.422222
5.209874,2.886554,-4.087036,1.451459
5.21811,2.870505,-4.114846,1.434195
5.196006,2.865501,-4.08698,1.4436
5.219331,2.893494,-4.098845,1.438254
4.733372,2.812313,-3.511422,1.471605
4.247171,3.224207,-2.478109,1.225531
4.941582,4.0942,-2.384472,1.403941
5.520424,4.701655,-2.401852,1.612646
5.647359,4.823152,-2.406533,1.684774
5.660985,4.852156,-2.370639,1.698057
5.576283,4.794793,-2.308343,1.666267
5.512075,4.741444,-2.298819,1.617747
5.507845,4.729703,-2.280447,1.663075
5.472234,4.709356,-2.271845,1.614321
5.433163,4.673231,-2.263719,1.59867
5.468378,4.705454,-2.256122,1.634558
5.475004,4.717293,-2.26772,1.606322
5.477574,4.709446,-2.276004,1.626267
5.426204,4.685114,-2.224641,1.595109
5.462622,4.705382,-2.248016,1.626666
5.487955,4.721345,-2.290709,1.605989
5.476362,4.721381,-2.247978,1.626559
5.432767,4.685131,-2.243586,1.590857
5.454117,4.697373,-2.244036,1.626772
5.451892,4.70114,-2.259494,1.586537
5.436573,4.664473,-2.264219,1.634727
5.479632,4.709517,-2.272164,1.638318
5.442825,4.70115,-2.228656,1.598948
5.438389,4.693204,-2.228781,1.607001
5.403996,4.652169,-2.236772,1.59917
5.475024,4.693713,-2.272587,1.667422
5.410997,4.652248,-2.247877,1.607023
5.408698,4.644374,-2.244162,1.627127
5.397976,4.659911,-2.232262,1.562174
5.420321,4.660302,-2.247964,1.614968
5.430976,4.68114,-2.247595,1.59083
5.410538,4.656081,-2.259481,1.57784
5.418393,4.672901,-2.263069,1.549676
5.435612,4.673285,-2.263826,1.606669
5.43408,4.677257,-2.251817,1.606802
5.424891,4.673205,-2.240775,1.602976
5.407996,4.660213,-2.220914,1.611328
5.418149,4.668151,-2.24068,1.59501
5.440678,4.676543,-2.233472,1.656056
5.436282,4.697027,-2.236386,1.577871
5.430202,4.672339,-2.241043,1.62298
5.388916,4.644123,-2.216793,1.59949
5.41226,4.679954,-2.216375,1.574251
5.394253,4.65991,-2.220316,1.566333
5.395934,4.652019,-2.232493,1.578226
5.398209,4.667625,-2.25059,1.512873
5.416686,4.675938,-2.244223,1.561907
5.402487,4.644259,-2.24095,1.611169
5.374549,4.627975,-2.236444,1.570334
5.389178,4.640124,-2.228748,1.595357
5.41059,4.673024,-2.220511,1.583244
5.395799,4.640141,-2.247693,1.591105
5.464293,4.729008,-2.240256,1.573604
5.454563,4.720972,-2.236222,1.569711
5.427101,4.677178,-2.240712,1.598949
5.376887,4.640015,-2.204644,1.587677
5.367683,4.612099,-2.240708,1.587386
5.383448,4.656697,-2.223885,1.533303
5.401101,4.672785,-2.224019,1.546195
5.397808,4.656965,-2.232375,1.570193
5.384923,4.63616,-2.220865,1.603489
5.376575,4.632132,-2.208875,1.603676
5.381976,4.66067,-2.211876,1.533436
5.373585,4.643811,-2.212196,1.554548
5.358319,4.631804,-2.197279,1.558827
5.323104,4.603556,-2.196854,1.522019
5.3951,4.656849,-2.240109,1.550089
5.384177,4.652847,-2.216227,1.558434
5.360078,4.616197,-2.190128,1.620034
5.415344,4.672945,-2.247229,1.561887
5.363494,4.6326,-2.239675,1.513254
5.384648,4.66073,-2.211996,1.542435
5.409498,4.672973,-2.224391,1.574192
5.374756,4.644707,-2.227913,1.533331
5.352319,4.623749,-2.208138,1.546736
5.376737,4.664499,-2.207548,1.509465
5.356851,4.644546,-2.192757,1.521797
5.417257,4.685023,-2.208536,1.587323
5.375251,4.63592,-2.224373,1.56644
5.364941,4.62392,-2.224402,1.566521
5.353647,4.631672,-2.201,1.537776
5.370882,4.635795,-2.228107,1.546389
5.381519,4.656793,-2.204165,1.554567
5.370488,4.639874,-2.204365,1.56668
5.397706,4.664945,-2.212411,1.574405
5.363305,4.61985,-2.240197,1.550337
5.378355,4.652688,-2.219895,1.533383
5.328095,4.611484,-2.200675,1.509913
5.364396,4.631939,-2.197544,1.578825
5.336413,4.611673,-2.201047,1.53791
5.377719,4.651608,-2.231683,1.517232
5.404265,4.671848,-2.228127,1.554147
5.366543,4.63183,-2.220224,1.554522
5.351428,4.627679,-2.204009,1.537763
5.359663,4.62383,-2.220243,1.554575
5.355905,4.635645,-2.200937,1.53375
5.355524,4.631581,-2.219732,1.517526
5.33054,4.619439,-2.192604,1.505966
5.359072,4.631662,-2.219892,1.529524
5.316807,4.594396,-2.223435,1.488724
5.339409,4.635324,-2.19234,1.488861
5.323279,4.615351,-2.192441,1.492995
5.366345,4.643563,-2.22365,1.513393
5.362365,4.643663,-2.196971,1.537749
5.300133,4.59043,-2.176728,1.510373
5.361074,4.647555,-2.196749,1.521724
5.337363,4.603716,-2.220065,1.537711
5.364607,4.63584,-2.201322,1.562747
5.376649,4.6725,-2.184637,1.517717
5.340062,4.615759,-2.189265,1.555041
5.353069,4.627688,-2.208008,1.53771
5.397641,4.676598,-2.227624,1.517118
5.398105,4.668767,-2.227975,1.542169
5.383,4.668535,-2.211591,1.513385
5.332127,4.603627,-2.215906,1.525766
5.375668,4.643803,-2.220142,1.550442
5.402092,4.656159,-2.220817,1.603356
5.334056,4.603698,-2.212065,1.537817
5.364027,4.631856,-2.208331,1.56268
5.357778,4.61992,-2.212465,1.570707
5.370378,4.627992,-2.220552,1.578546
5.318185,4.603528,-2.184855,1.522178
5.369087,4.643786,-2.201197,1.554694
5.375995,4.643865,-2.212302,1.562547
5.36999,4.643731,-2.212036,1.542549
5.371632,4.64374,-2.216036,1.542496
5.339054,4.619527,-2.207709,1.513766
5.349082,4.615663,-2.231876,1.525472
5.331717,4.619466,-2.192657,1.509966
5.335584,4.599726,-2.224074,1.537685
5.346787,4.623652,-2.203965,1.53379
5.321917,4.603529,-2.196801,1.518019
5.334997,4.619484,-2.200656,1.50986
5.358167,4.639618,-2.200874,1.529724
5.343107,4.631572,-2.180895,1.530043
5.384708,4.647955,-2.216451,1.574465
5.35549,4.623867,-2.201404,1.566827
5.376315,4.635805,-2.244052,1.542177
5.380823,4.651874,-2.204337,1.566599
5.388933,4.640037,-2.240521,1.578199
5.38078,4.639911,-2.23231,1.562308
5.375116,4.631938,-2.232382,1.566361
5.414084,4.664062,-2.251463,1.577893
5.396948,4.655965,-2.232378,1.5702
5.427212,4.68906,-2.224525,1.587083
5.427818,4.684088,-2.236536,1.586957
5.405124,4.660097,-2.228647,1.591224
5.447288,4.700159,-2.244604,1.594743
5.463909,4.725131,-2.232545,1.594735
5.412663,4.652358,-2.237144,1.627167
5.430694,4.6605,-2.252336,1.642912
5.435337,4.676429,-2.233246,1.639058
5.457822,4.717176,-2.228671,1.602841
5.417883,4.67215,-2.228725,1.599142
5.407597,4.675761,-2.239891,1.536963
5.44217,4.672446,-2.264147,1.630673
5.425446,4.676133,-2.244608,1.590904
5.410203,4.664106,-2.232637,1.591144
5.416066,4.67301,-2.240389,1.573979
5.406123,4.664043,-2.228532,1.583198
5.403556,4.663882,-2.243145,1.554002
5.382354,4.635919,-2.247265,1.558135
5.366696,4.635812,-2.212215,1.554601
5.411172,4.65615,-2.251655,1.590945
5.413987,4.673018,-2.232443,1.578085
5.421106,4.669123,-2.251571,1.586858
5.45446,4.705175,-2.251591,1.594616
5.443795,4.697008,-2.263224,1.565513
5.423541,4.684973,-2.236308,1.569952
5.458523,4.705339,-2.240964,1.622759
5.402538,4.656061,-2.23655,1.583145
5.406654,4.672937,-2.220338,1.570245
5.409635,4.660142,-2.2367,1.595117
5.455088,4.701339,-2.240973,1.622786
5.44917,4.70898,-2.251196,1.565592
5.409784,4.664124,-2.228691,1.595196
5.415632,4.66009,-2.263472,1.57776
5.410981,4.669001,-2.236399,1.574059
5.432139,4.689248,-2.212951,1.619239
5.406826,4.636402,-2.25618,1.627021
5.40476,4.63641,-2.248234,1.631127
5.401681,4.668848,-2.228134,1.554168
5.432194,4.681167,-2.247649,1.59483
5.477596,4.721408,-2.248031,1.630558
5.443657,4.701114,-2.236549,1.590843
5.501139,4.746319,-2.267704,1.610127
5.473506,4.721365,-2.240979,1.626652
5.481397,4.733211,-2.255577,1.598375
5.439161,4.681266,-2.255807,1.606722
5.417722,4.677185,-2.208874,1.611374
5.454377,4.713176,-2.22868,1.602867
5.411957,4.661044,-2.255417,1.57386
5.440285,4.689194,-2.247683,1.598776
5.439558,4.681328,-2.247967,1.618827
5.446031,4.712963,-2.232242,1.569818
5.410494,4.64934,-2.241098,1.623134
5.474349,4.741961,-2.243118,1.565478
5.414656,4.668026,-2.247401,1.573919
5.381645,4.636061,-2.224652,1.587438
5.059855,4.742086,-1.586522,0.77311
6.83773,6.689983,-0.591599,-1.28401
9.400417,9.099305,-0.310997,-2.33961
10.706445,10.378884,-0.417674,-2.594664
11.019405,10.693856,-0.466651,-2.617436
10.919989,10.597039,-0.475201,-2.592896
10.758648,10.443354,-0.46822,-2.542763
10.645767,10.338704,-0.477121,-2.493172
10.604286,10.298581,-0.423222,-2.492186
10.637421,10.334721,-0.446306,-2.479734
10.68365,10.371417,-0.44562,-2.524977
10.674336,10.367652,-0.466,-2.497219
10.626251,10.318561,-0.438066,-2.500518
10.65775,10.358855,-0.45846,-2.464056
10.636088,10.32659,-0.461992,-2.504891
10.646845,10.338616,-0.462016,-2.500972
10.614247,10.306687,-0.469198,-2.492851
10.721259,10.40731,-0.437362,-2.53811
10.67329,10.371784,-0.462269,-2.476195
10.662709,10.359766,-0.466245,-2.480168
10.6669,10.359668,-0.473018,-2.497259
10.68391,10.383785,-0.454281,-2.47317
10.702548,10.400692,-0.446095,-2.484176
10.620417,10.315722,-0.458297,-2.483766
10.617743,10.303499,-0.468834,-2.520828
10.689835,10.388783,-0.462229,-2.476309
10.63187,10.323598,-0.454053,-2.500765
10.632481,10.32774,-0.466268,-2.483953
10.708996,10.403703,-0.476966,-2.493607
10.672068,10.36666,-0.458056,-2.493107
10.654298,10.350782,-0.473265,-2.480201
10.664174,10.362836,-0.473343,-2.472282
10.661967,10.366963,-0.458654,-2.448112
10.661447,10.350544,-0.465828,-2.513104
10.671163,10.366687,-0.458109,-2.489107
10.671966,10.362489,-0.441801,-2.512865
10.653596,10.350819,-0.477318,-2.476254
10.605538,10.30692,-0.46269,-2.455762
10.632024,10.326695,-0.458218,-2.487839
10.702781,10.407935,-0.458503,-2.452386
10.643613,10.342854,-0.469444,-2.468095
10.630006,10.322696,-0.47316,-2.493012
10.659175,10.363899,-0.442609,-2.451878
10.679226,10.375809,-0.485205,-2.480528
10.688703,10.387845,-0.477283,-2.472502
10.661252,10.350535,-0.461828,-2.513051
10.638124,10.338917,-0.47356,-2.460122
10.630006,10.322696,-0.47316,-2.493012
10.627387,10.332009,-0.46679,-2.443984
10.640156,10.339829,-0.458452,-2.467929
10.591686,10.291955,-0.477725,-2.455861
10.686009,10.379651,-0.465971,-2.4973
10.62952,10.331971,-0.473683,-2.452076
10.668821,10.359687,-0.492963,-2.501524
10.731865,10.420443,-0.457502,-2.525465
10.655055,10.351703,-0.450212,-2.483901
10.658921,10.351659,-0.469038,-2.497152
10.688872,10.392899,-0.454486,-2.456232
10.666046,10.363809,-0.473288,-2.476288
10.684414,10.383826,-0.469293,-2.472369
10.66422,10.363792,-0.454342,-2.472036
10.613642,10.314865,-0.450619,-2.459656
10.652468,10.350766,-0.45432,-2.475948
10.659162,10.358783,-0.450355,-2.471949
10.672392,10.37181,-0.462323,-2.472196
10.657488,10.354818,-0.477309,-2.476281
10.669832,10.371827,-0.44643,-2.463984
10.673195,10.388229,-0.455148,-2.407204
10.682491,10.379711,-0.454145,-2.484142
10.664051,10.363854,-0.469394,-2.468236
10.676936,10.371746,-0.481108,-2.488447
10.638243,10.33899,-0.493611,-2.456389
10.668452,10.363783,-0.48518,-2.484447
10.624003,10.322848,-0.466492,-2.467921
10.67169,10.371847,-0.466375,-2.468249
10.684073,10.375534,-0.449823,-2.509059
10.70248,10.395624,-0.46588,-2.501406
10.683305,10.387935,-0.45855,-2.452252
10.645198,10.347837,-0.438541,-2.459717
10.635242,10.338989,-0.469719,-2.448071
10.69307,10.395891,-0.462425,-2.460358
10.667074,10.359606,-0.457966,-2.501059
10.614105,10.307634,-0.446198,-2.492552
10.641553,10.343919,-0.462602,-2.45601
10.602757,10.294626,-0.454175,-2.496571
10.641201,10.343971,-0.473654,-2.452157
10.685429,10.379624,-0.453972,-2.49714
10.626779,10.326777,-0.438472,-2.468576
10.660772,10.355719,-0.469148,-2.48818
10.642002,10.347963,-0.446753,-2.443825
10.633698,10.326686,-0.46915,-2.492985
10.62942,10.318572,-0.465957,-2.50889
10.676932,10.37166,-0.458044,-2.49314
10.611658,10.31491,-0.446726,-2.451604
10.710399,10.40356,-0.449809,-2.505247
10.684266,10.383819,-0.466294,-2.472329
10.648755,10.343704,-0.462177,-2.488006
10.665795,10.359686,-0.469072,-2.493206
10.606088,10.303858,-0.473524,-2.468887
10.636453,10.33072,-0.469207,-2.488013
10.646559,10.343739,-0.454284,-2.479901
10.603667,10.290571,-0.47697,-2.512848
10.644755,10.343793,-0.45439,-2.471902
10.647799,10.343658,-0.442179,-2.487741
10.68746,10.37965,-0.476917,-2.501446
10.675987,10.383979,-0.442721,-2.440014
10.668178,10.359589,-0.461913,-2.505112
10.637387,10.338883,-0.458561,-2.459923
10.624617,10.326901,-0.454643,-2.45579
10.679994,10.371525,-0.445833,-2.508979
10.672525,10.367705,-0.466106,-2.48922
10.669593,10.367793,-0.466279,-2.476222
10.653622,10.342472,-0.445796,-2.516784
10.669875,10.367665,-0.434175,-2.483795
10.611421,10.302526,-0.434052,-2.504358
10.617895,10.306509,-0.449934,-2.512596
10.646395,10.346801,-0.446437,-2.467816
10.661252,10.350535,-0.461828,-2.513051
10.636343,10.327626,-0.466042,-2.500951
10.626046,10.331945,-0.438792,-2.443612
10.623163,10.319858,-0.485431,-2.473153
10.682232,10.375515,-0.429878,-2.504793
10.650145,10.339444,-0.433804,-2.516604
10.631849,10.327831,-0.485359,-2.477206
10.631859,10.331715,-0.423408,-2.472409
10.64718,10.347792,-0.442435,-2.46777
10.636898,10.34822,-0.474136,-2.415188
10.696043,10.392684,-0.454061,-2.488228
10.604668,10.302785,-0.450488,-2.471574
10.639698,10.338784,-0.450402,-2.471815
10.65546,10.354792,-0.454364,-2.471976
10.659546,10.358802,-0.458354,-2.472056
10.646387,10.350963,-0.458692,-2.448005
10.62204,10.335185,-0.447223,-2.410742
10.648916,10.34267,-0.462113,-2.492999
10.695167,10.38348,-0.461643,-2.521271
10.681387,10.383891,-0.462453,-2.460277
10.674706,10.371711,-0.454164,-2.484088
10.621456,10.322935,-0.469651,-2.455962
10.637002,10.338864,-0.450562,-2.459817
10.682826,10.379657,-0.442093,-2.487982
10.642187,10.334579,-0.446027,-2.500732
10.660829,10.363909,-0.458555,-2.456091
10.60406,10.294617,-0.462121,-2.500677
10.635997,10.334793,-0.454412,-2.471842
10.665452,10.359669,-0.462072,-2.493113
10.683741,10.383846,-0.469333,-2.46937
10.651163,10.347703,-0.450222,-2.483874
10.630538,10.330927,-0.477578,-2.460122
10.614468,10.318927,-0.44277,-2.447578
10.706209,10.399685,-0.480922,-2.497633
10.671815,10.371783,-0.450324,-2.472036
10.646831,10.330404,-0.465597,-2.533968
10.66915,10.36366,-0.458063,-2.493087
10.640123,10.330526,-0.445931,-2.508704
10.659105,10.354669,-0.450138,-2.48892
10.650282,10.354963,-0.458682,-2.448031
10.618493,10.314676,-0.438301,-2.483494
10.644012,10.334526,-0.445921,-2.508731
10.625936,10.32273,-0.450334,-2.479707
10.605607,10.298716,-0.47027,-2.488811
10.594491,10.293857,-0.458615,-2.463621
10.628749,10.318679,-0.489062,-2.501197
10.683499,10.387945,-0.46255,-2.452305
10.638948,10.338747,-0.434404,-2.471602
10.703271,10.399686,-0.45803,-2.489328
10.664115,10.358722,-0.473127,-2.489253
10.610458,10.310829,-0.446576,-2.463575
10.664094,10.35558,-0.457923,-2.505032
10.644261,10.335562,-0.449971,-2.504791
10.665892,10.351427,-0.461613,-2.529056
10.66508,10.363692,-0.434238,-2.479769
10.617409,10.303339,-0.422731,-2.528215
10.672281,10.367623,-0.442055,-2.492901
10.667792,10.35957,-0.453914,-2.505005
10.627262,10.319634,-0.458115,-2.496792
10.664206,10.351418,-0.445668,-2.524843
10.621115,10.311572,-0.454028,-2.504684
10.656344,10.351694,-0.458158,-2.488007
10.625294,10.31449,-0.441916,-2.512544
10.65738,10.347489,-0.441837,-2.512765
10.685987,10.379508,-0.426868,-2.50478
10.630704,10.32663,-0.43022,-2.487467
10.660355,10.351516,-0.441881,-2.508792
10.601095,10.294705,-0.462294,-2.487678
10.608515,10.30364,-0.434275,-2.487366
10.645849,10.343775,-0.458337,-2.475955
10.613155,10.303633,-0.469099,-2.50083
10.65079,10.354918,-0.45063,-2.451925
10.598263,10.298875,-0.454657,-2.459602
10.655121,10.346498,-0.433893,-2.508652
10.651376,10.350783,-0.450374,-2.471896
10.614989,10.30651,-0.427043,-2.504291
10.620506,10.306348,-0.426724,-2.528289
10.627183,10.322649,-0.438229,-2.487547
10.686481,10.375364,-0.422613,-2.524698
10.66911,10.363587,-0.438012,-2.49682
10.634246,10.330685,-0.442263,-2.483654
10.628643,10.327695,-0.423378,-2.475382
10.678552,10.379784,-0.442345,-2.468984
8.70009,8.227698,-1.897375,-2.096788
7.244102,4.172721,-5.399572,-2.431057
9.125084,2.89317,-8.107843,-3.026484
10.268904,2.580769,-9.439544,-3.112079
10.565562,2.493805,-9.79316,-3.083187
10.455554,2.469067,-9.703158,-3.011817
10.314259,2.344157,-9.598117,-2.960576
10.224327,2.324184,-9.516597,-2.927355
10.195908,2.312032,-9.48547,-2.938861
10.168842,2.295827,-9.454245,-2.95834
10.171909,2.264156,-9.477864,-2.917436
10.188456,2.264256,-9.497968,-2.909703
10.156896,2.284256,-9.463083,-2.897373
10.18824,2.251292,-9.502052,-2.905669
10.184936,2.26806,-9.485628,-2.934567
10.200321,2.255016,-9.501498,-2.946692
10.161128,2.247228,-9.474064,-2.90527
10.173503,2.272059,-9.473672,-2.930435
10.179218,2.271015,-9.477568,-2.938481
10.167618,2.217839,-9.470377,-2.96203
10.189169,2.245839,-9.485242,-2.967416
10.203255,2.241876,-9.50125,-2.967602
10.185575,2.25407,-9.489661,-2.934527
10.199662,2.241963,-9.501423,-2.954604
10.175956,2.287183,-9.477862,-2.91359
10.185796,2.238079,-9.493699,-2.934473
10.183384,2.254123,-9.489767,-2.926528
10.182521,2.271237,-9.489952,-2.909643
10.167947,2.23922,-9.482029,-2.909323
10.182755,2.214026,-9.49365,-2.942311
10.175652,2.235211,-9.489985,-2.913402
10.200124,2.271007,-9.49746,-2.946746
10.190944,2.1701,-9.513806,-2.938283
10.183318,2.201849,-9.489347,-2.967175
10.198599,2.22309,-9.50968,-2.938585
10.174396,2.246928,-9.474466,-2.950279
10.173236,2.238989,-9.477591,-2.942266
10.18492,2.239106,-9.493749,-2.93048
10.174797,2.262979,-9.473535,-2.942373
10.180518,2.23489,-9.481388,-2.95829
10.19582,2.23874,-9.489046,-2.983421
10.200839,2.211072,-9.513655,-2.942557
10.161106,2.234687,-9.454112,-2.978929
10.170865,2.210999,-9.481658,-2.942131
10.169497,2.219176,-9.485971,-2.917241
10.18585,2.211035,-9.497657,-2.942344
10.1832,2.219143,-9.49785,-2.9264
10.177203,2.246935,-9.477466,-2.950318
10.181156,2.267148,-9.485803,-2.921562
10.166065,2.213955,-9.474598,-2.946058
10.206488,2.250945,-9.505348,-2.958717
10.196831,2.271088,-9.497619,-2.934747
10.184958,2.213972,-9.493543,-2.95031
10.185585,2.259096,-9.489702,-2.930561
10.187153,2.274943,-9.481399,-2.950559
10.193937,2.254971,-9.493446,-2.950585
10.201883,2.229946,-9.505398,-2.958576
10.208734,2.221937,-9.513363,-2.962628
10.169991,2.247035,-9.474679,-2.93428
10.207027,2.270839,-9.497128,-2.971743
10.174147,2.263096,-9.477747,-2.926428
10.151261,2.227186,-9.467059,-2.909043
10.183613,2.223053,-9.493681,-2.938372
10.174799,2.227088,-9.485779,-2.930293
10.191611,2.246785,-9.485133,-2.975422
10.151955,2.223249,-9.471175,-2.90107
10.153201,2.145991,-9.477814,-2.941643
10.170935,2.194008,-9.485698,-2.942071
10.176633,2.198597,-9.47293,-2.998938
10.164343,2.2708,-9.454251,-2.962172
10.178982,2.243274,-9.494072,-2.905509
10.182729,2.243283,-9.498071,-2.905563
10.175023,2.223061,-9.485735,-2.934266
10.154737,2.222678,-9.450141,-2.978796
10.188688,2.266863,-9.481259,-2.962504
10.175768,2.202837,-9.481358,-2.966075
10.15034,2.182875,-9.462567,-2.95369
10.170643,2.218845,-9.473374,-2.962076
10.176997,2.263228,-9.485972,-2.909537
10.16585,2.198053,-9.481795,-2.934045
10.168631,2.230256,-9.486104,-2.905316
10.172214,2.238838,-9.470326,-2.962171
10.173764,2.201981,-9.485626,-2.946124
10.13633,2.161607,-9.442181,-2.98628
10.157442,2.242918,-9.458531,-2.94604
10.178469,2.23376,-9.474165,-2.975189
10.167377,2.222346,-9.490282,-2.893317
10.182957,2.189795,-9.489269,-2.975094
10.177567,2.169823,-9.48937,-2.97096
10.125285,2.206104,-9.443059,-2.912583
10.16943,2.253786,-9.462225,-2.967164
10.181917,2.22983,-9.481281,-2.967256
10.168735,2.194062,-9.485804,-2.934072
10.175491,2.266282,-9.486071,-2.901558
10.16751,2.25421,-9.477994,-2.90937
10.172158,2.222025,-9.481685,-2.938206
10.165587,2.233973,-9.470604,-2.942139
10.176523,2.234185,-9.489934,-2.917395
10.208003,2.251186,-9.516772,-2.926867
10.182512,2.25515,-9.489818,-2.922535
10.181113,2.186223,-9.506048,-2.917286
10.159721,2.194284,-9.486243,-2.901075
10.156448,2.251392,-9.475373,-2.881313
10.174805,2.222061,-9.485738,-2.934259
10.175043,2.230301,-9.494156,-2.901423
10.182526,2.221873,-9.485366,-2.962256
10.165893,2.189909,-9.477549,-2.953936
10.170433,2.233955,-9.474551,-2.946192
10.193575,2.286952,-9.48537,-2.950693
10.191086,2.230008,-9.497558,-2.946471
10.182875,2.202366,-9.510275,-2.897449
10.181603,2.243007,-9.485581,-2.942399
10.171351,2.198222,-9.494073,-2.913207
10.216171,2.271194,-9.520724,-2.927054
10.193757,2.2219,-9.497365,-2.962416
10.164748,2.221829,-9.466367,-2.962003
10.174991,2.222158,-9.48991,-2.921314
10.152614,2.206142,-9.471003,-2.916955
10.166991,2.191089,-9.485865,-2.930052
10.182267,2.251034,-9.485615,-2.938453
10.16933,2.206212,-9.490054,-2.913208
10.166622,2.223166,-9.481961,-2.917215
10.189454,2.226731,-9.485075,-2.983287
10.184042,2.235106,-9.493759,-2.930453
10.183246,2.230803,-9.481225,-2.971262
10.171846,2.230805,-9.470279,-2.967116
10.171709,2.235106,-9.481813,-2.926294
10.155486,2.194185,-9.478084,-2.912968
10.172567,2.255193,-9.481938,-2.913429
10.181174,2.239097,-9.48975,-2.930427
10.152733,2.186938,-9.466664,-2.945771
10.17059,2.219149,-9.485917,-2.921241
10.164689,2.21507,-9.477808,-2.930106
10.185377,2.263123,-9.489746,-2.926588
10.146327,2.17923,-9.474227,-2.904815
10.157915,2.255275,-9.471152,-2.897285
10.177435,2.231248,-9.494047,-2.909429
10.150183,2.238873,-9.450488,-2.949906
10.173092,2.205918,-9.481511,-2.954097
10.167089,2.22607,-9.477782,-2.93018
10.1472,2.186169,-9.471104,-2.912821
10.196886,2.229867,-9.497279,-2.967469
10.171607,2.193891,-9.481486,-2.958016
10.194606,2.234044,-9.501601,-2.942551
10.161284,2.278818,-9.450286,-2.958173
10.184921,2.25489,-9.48134,-2.958424
10.15135,2.234426,-9.47548,-2.8762
10.194035,2.262811,-9.485148,-2.97153
10.192686,2.209964,-9.501499,-2.954389
10.156777,2.238008,-9.462701,-2.934061
10.173084,2.226328,-9.494219,-2.897396
10.170817,2.238042,-9.4777,-2.93426
10.163259,2.173815,-9.474415,-2.966788
10.19338,2.225831,-9.493236,-2.971388
10.19887,2.23384,-9.497216,-2.971495
10.168447,2.210052,-9.481767,-2.934126
10.170976,2.194312,-9.498242,-2.901235
10.192001,2.230188,-9.505876,-2.92258
10.17375,2.250865,-9.470351,-2.958251
10.172671,2.270999,-9.470569,-2.938387
10.161601,2.235177,-9.474986,-2.913202
10.180517,2.23107,-9.489716,-2.934373
10.16713,2.239062,-9.474751,-2.930227
10.161013,2.210337,-9.486311,-2.893183
10.172136,2.239016,-9.477645,-2.938266
10.141832,2.214044,-9.454866,-2.925794
10.182271,2.23123,-9.497994,-2.913481
10.171083,2.213909,-9.477492,-2.954097
10.192854,2.266962,-9.489417,-2.950612
10.172689,2.239409,-9.494347,-2.885485
10.144864,2.170142,-9.471089,-2.916713
10.155485,2.222258,-9.475177,-2.901117
10.179424,2.22607,-9.489728,-2.934339
10.182729,2.263087,-9.485693,-2.930534
10.175765,2.202134,-9.493891,-2.926233
10.16846,2.222319,-9.490229,-2.897317
10.161751,2.186293,-9.490261,-2.901075
10.178365,2.214134,-9.493862,-2.926313
10.134568,2.209999,-9.446823,-2.929661
10.145953,2.227113,-9.458954,-2.916936
10.193196,2.238704,-9.484993,-2.987367
10.185486,2.193955,-9.497538,-2.954229
10.197679,2.243017,-9.501527,-2.946611
10.191317,2.239151,-9.501802,-2.926587
10.155584,2.191091,-9.474919,-2.925906
10.167975,2.227256,-9.486111,-2.905296
10.197471,2.2389,-9.497324,-2.96253
10.153511,2.210319,-9.478312,-2.893077
10.150843,2.222972,-9.458685,-2.937906
10.215023,2.242971,-9.516366,-2.958809
10.16125,2.19123,-9.486144,-2.909054
10.174683,2.194017,-9.489698,-2.942124
10.188971,2.206135,-9.505827,-2.930418
10.175915,2.218918,-9.481479,-2.954184
10.153253,2.238999,-9.458699,-2.934014
10.163386,2.239053,-9.470751,-2.930174
10.156506,2.153876,-9.474582,-2.957655
10.166162,2.193848,-9.474434,-2.961922
10.173888,2.173634,-9.477043,-2.994825
10.14798,2.23008,-9.45888,-2.921955
7.381476,1.974811,-6.927676,-1.610474
2.816502,0.887481,-2.612688,-0.564734
1.053507,0.340411,-0.956568,-0.281026
0.418188,0.052111,-0.330576,-0.250769
0.256893,-0.033194,-0.12413,-0.22245
0.188597,-0.013244,-0.006531,-0.188018
0.227484,-0.089445,0.020564,-0.208148
0.258304,-0.102668,0.044863,-0.232739
0.233262,-0.110463,0.063351,-0.195437
0.230499,-0.150241,0.074763,-0.158014
0.234152,-0.102499,0.067422,-0.199437
0.2414,-0.098561,0.09443,-0.199105
0.200342,-0.069333,0.079115,-0.170502
0.231763,-0.098489,0.086324,-0.191212
0.25781,-0.110651,0.09856,-0.21097
0.240121,-0.102543,0.086421,-0.199184
0.237542,-0.130412,0.079129,-0.182092
0.184591,-0.102054,0.089438,-0.125139
0.226347,-0.105422,0.083188,-0.182206
0.231206,-0.109421,0.10607,-0.173874
0.206594,-0.113171,0.105569,-0.136852
0.244524,-0.141401,0.097994,-0.173766
0.257016,-0.081724,0.106735,-0.219057
0.231344,-0.125331,0.113819,-0.157663
0.240033,-0.133402,0.098014,-0.17382
0.268166,-0.153551,0.102244,-0.194631
0.241661,-0.133411,0.102013,-0.173767
0.230688,-0.11343,0.075223,-0.186258
0.255627,-0.109633,0.102509,-0.206924
0.215592,-0.097322,0.109886,-0.157903
0.225175,-0.105376,0.109973,-0.165849
0.207829,-0.109251,0.07886,-0.158235
0.238416,-0.097545,0.087433,-0.199205
0.188258,-0.081145,0.105592,-0.133066
0.197608,-0.077235,0.109761,-0.145039
0.261538,-0.097678,0.133481,-0.202592
0.287322,-0.174579,0.126139,-0.190171
0.22145,-0.105358,0.101974,-0.165955
0.234506,-0.122367,0.117879,-0.161629
0.23779,-0.089529,0.118276,-0.185847
0.210029,-0.093278,0.113789,-0.149878
0.226027,-0.093404,0.122001,-0.16577
0.240668,-0.14633,0.101823,-0.161681
0.204666,-0.065315,0.117908,-0.154012
0.257701,-0.146428,0.132873,-0.165268
0.232241,-0.109386,0.125909,-0.16161
0.245601,-0.113493,0.126112,-0.177581
0.208192,-0.101276,0.089878,-0.158142
0.248809,-0.10959,0.08351,-0.207177
0.22872,-0.126339,0.093924,-0.165921
0.221594,-0.109348,0.097965,-0.165982
0.255033,-0.122579,0.102371,-0.198838
0.221689,-0.15009,0.105321,-0.124605
0.206925,-0.118188,0.086678,-0.14607
0.257124,-0.069734,0.122709,-0.214925
0.220472,-0.105314,0.117813,-0.153744
0.194836,-0.0732,0.117664,-0.13696
0.182508,-0.117904,0.097067,-0.099929
0.206211,-0.130118,0.082531,-0.137044
0.229279,-0.150203,0.093601,-0.145762
0.231346,-0.130304,0.113754,-0.15363
0.260601,-0.101688,0.11458,-0.210817
0.230358,-0.126348,0.097924,-0.165868
0.224326,-0.126321,0.063033,-0.174332
0.236899,-0.065608,0.102561,-0.203219
0.221883,-0.113339,0.093955,-0.166008
0.19016,-0.097091,0.105448,-0.12496
0.183742,-0.065181,0.097738,-0.141279
0.184353,-0.061073,0.132372,-0.112844
0.20906,-0.130134,0.08953,-0.136951
0.2014,-0.134027,0.089308,-0.120926
0.267015,-0.154519,0.114121,-0.185465
0.217502,-0.161992,0.086188,-0.116778
0.154418,-0.105653,0.092617,-0.064066
0.202509,-0.110188,0.086698,-0.146123
0.208813,-0.142064,0.082396,-0.128964
0.221,-0.118286,0.105783,-0.153816
0.207699,-0.110117,0.128362,-0.120568
0.174385,-0.062118,0.093639,-0.133353
0.208945,-0.102287,0.08293,-0.162228
0.243446,-0.110517,0.11024,-0.186813
0.244018,-0.118475,0.118101,-0.177654
0.236787,-0.15124,0.109598,-0.145543
0.196291,-0.106153,0.085641,-0.141164
0.234991,-0.147225,0.11754,-0.140464
0.213974,-0.08635,0.109965,-0.161976
0.200544,-0.126063,0.09338,-0.124925
0.188425,-0.05326,0.093939,-0.154411
